student_id,student_name,subject,grade,date,teacher,assignment,notes
6,Волкова Елена,Химия,5,2024-12-26,Сидорова В.П.,Практическая работа #2,
10,Попова Татьяна,Физика,25,2024-12-26,Петров А.С.,Контрольная работа #9,
2,Петрова Мария,Биология,92,2024-12-27,Кузнецова Н.В.,Домашнее задание #20,
10,Попова Татьяна,Физика,13,2024-12-27,Петров А.С.,Контрольная работа #16,
2,Петрова Мария,Физика,41,2024-12-28,Петров А.С.,Домашнее задание #13,
3,Сидоров Алексей,Математика,98,2024-12-28,Иванова Е.К.,Тест #13,
4,Кузнецова Анна,Химия,26,2024-12-28,Сидорова В.П.,Проект #13,
6,Волкова Елена,Физика,89,2024-12-28,Петров А.С.,Лабораторная работа #9,
7,Новиков Сергей,Химия,63,2024-12-28,Сидорова В.П.,Практическая работа #9,
8,Лебедева Ольга,Физика,56,2024-12-28,Петров А.С.,Контрольная работа #11,
7,Новиков Сергей,Химия,76,2024-12-29,Сидорова В.П.,Практическая работа #15,
2,Петрова Мария,Математика,52,2024-12-30,Иванова Е.К.,Проект #8,
2,Петрова Мария,Физика,88,2024-12-30,Петров А.С.,Практическая работа #15,
2,Петрова Мария,Химия,74,2024-12-30,Сидорова В.П.,Лабораторная работа #8,
5,Морозов Дмитрий,Математика,24,2024-12-31,Иванова Е.К.,Практическая работа #17,
7,Новиков Сергей,Математика,28,2024-12-31,Иванова Е.К.,Тест #15,
8,Лебедева Ольга,Химия,5,2024-12-31,Сидорова В.П.,Тест #9,
3,Сидоров Алексей,Физика,91,2025-01-01,Петров А.С.,Контрольная работа #18,
5,Морозов Дмитрий,Физика,47,2025-01-01,Петров А.С.,Тест #14,
3,Сидоров Алексей,Математика,4,2025-01-02,Иванова Е.К.,Лабораторная работа #1,
3,Сидоров Алексей,Химия,11,2025-01-02,Сидорова В.П.,Тест #19,
8,Лебедева Ольга,Химия,26,2025-01-02,Сидорова В.П.,Тест #11,
4,Кузнецова Анна,Химия,7,2025-01-03,Сидорова В.П.,Лабораторная работа #17,
6,Волкова Елена,Биология,0,2025-01-03,Кузнецова Н.В.,Лабораторная работа #3,
7,Новиков Сергей,Химия,70,2025-01-03,Сидорова В.П.,Проект #12,
9,Соколов Павел,Физика,42,2025-01-03,Петров А.С.,Контрольная работа #12,
6,Волкова Елена,Химия,69,2025-01-04,Сидорова В.П.,Домашнее задание #16,
1,Иванов Иван,Химия,27,2025-01-05,Сидорова В.П.,Домашнее задание #13,
7,Новиков Сергей,Химия,18,2025-01-06,Сидорова В.П.,Домашнее задание #19,
10,Попова Татьяна,Биология,41,2025-01-06,Кузнецова Н.В.,Практическая работа #5,
7,Новиков Сергей,Математика,74,2025-01-08,Иванова Е.К.,Домашнее задание #19,
4,Кузнецова Анна,Математика,43,2025-01-09,Иванова Е.К.,Лабораторная работа #12,
5,Морозов Дмитрий,Физика,28,2025-01-09,Петров А.С.,Лабораторная работа #13,
7,Новиков Сергей,Биология,83,2025-01-09,Кузнецова Н.В.,Лабораторная работа #20,
3,Сидоров Алексей,Математика,80,2025-01-11,Иванова Е.К.,Тест #9,
7,Новиков Сергей,Физика,64,2025-01-11,Петров А.С.,Лабораторная работа #8,
8,Лебедева Ольга,Химия,41,2025-01-11,Сидорова В.П.,Проект #5,
10,Попова Татьяна,Математика,73,2025-01-11,Иванова Е.К.,Контрольная работа #6,
2,Петрова Мария,Биология,79,2025-01-12,Кузнецова Н.В.,Тест #10,
3,Сидоров Алексей,Биология,70,2025-01-13,Кузнецова Н.В.,Проект #18,
10,Попова Татьяна,Математика,26,2025-01-13,Иванова Е.К.,Тест #14,
10,Попова Татьяна,Химия,57,2025-01-13,Сидорова В.П.,Тест #17,
7,Новиков Сергей,Биология,12,2025-01-14,Кузнецова Н.В.,Проект #11,
2,Петрова Мария,Математика,6,2025-01-15,Иванова Е.К.,Лабораторная работа #10,
9,Соколов Павел,Биология,83,2025-01-15,Кузнецова Н.В.,Лабораторная работа #1,
1,Иванов Иван,Биология,41,2025-01-16,Кузнецова Н.В.,Домашнее задание #4,
4,Кузнецова Анна,Математика,35,2025-01-16,Иванова Е.К.,Контрольная работа #4,
5,Морозов Дмитрий,Биология,28,2025-01-16,Кузнецова Н.В.,Лабораторная работа #18,
4,Кузнецова Анна,Математика,37,2025-01-17,Иванова Е.К.,Домашнее задание #1,
9,Соколов Павел,Физика,52,2025-01-17,Петров А.С.,Контрольная работа #5,
5,Морозов Дмитрий,Химия,46,2025-01-18,Сидорова В.П.,Контрольная работа #1,
10,Попова Татьяна,Математика,49,2025-01-18,Иванова Е.К.,Контрольная работа #5,
4,Кузнецова Анна,Химия,18,2025-01-19,Сидорова В.П.,Домашнее задание #11,
5,Морозов Дмитрий,Математика,0,2025-01-19,Иванова Е.К.,Проект #14,
2,Петрова Мария,Биология,68,2025-01-20,Кузнецова Н.В.,Домашнее задание #1,
2,Петрова Мария,Физика,23,2025-01-20,Петров А.С.,Тест #12,
2,Петрова Мария,Химия,18,2025-01-20,Сидорова В.П.,Контрольная работа #6,
6,Волкова Елена,Химия,63,2025-01-20,Сидорова В.П.,Проект #7,
3,Сидоров Алексей,Биология,90,2025-01-21,Кузнецова Н.В.,Домашнее задание #15,
3,Сидоров Алексей,Биология,4,2025-01-22,Кузнецова Н.В.,Домашнее задание #16,
4,Кузнецова Анна,Физика,23,2025-01-22,Петров А.С.,Контрольная работа #5,
5,Морозов Дмитрий,Математика,72,2025-01-22,Иванова Е.К.,Лабораторная работа #9,
5,Морозов Дмитрий,Физика,59,2025-01-22,Петров А.С.,Тест #17,
10,Попова Татьяна,Биология,54,2025-01-22,Кузнецова Н.В.,Лабораторная работа #9,
4,Кузнецова Анна,Математика,37,2025-01-23,Иванова Е.К.,Лабораторная работа #7,
9,Соколов Павел,Химия,54,2025-01-23,Сидорова В.П.,Домашнее задание #2,
9,Соколов Павел,Химия,20,2025-01-23,Сидорова В.П.,Практическая работа #11,
10,Попова Татьяна,Математика,31,2025-01-24,Иванова Е.К.,Проект #15,
1,Иванов Иван,Физика,8,2025-01-25,Петров А.С.,Проект #2,
2,Петрова Мария,Математика,80,2025-01-25,Иванова Е.К.,Практическая работа #16,
5,Морозов Дмитрий,Химия,12,2025-01-25,Сидорова В.П.,Практическая работа #17,
10,Попова Татьяна,Химия,5,2025-01-26,Сидорова В.П.,Проект #6,
1,Иванов Иван,Физика,95,2025-01-27,Петров А.С.,Практическая работа #19,
4,Кузнецова Анна,Биология,86,2025-01-28,Кузнецова Н.В.,Тест #17,
8,Лебедева Ольга,Химия,51,2025-01-28,Сидорова В.П.,Домашнее задание #20,
3,Сидоров Алексей,Биология,71,2025-01-29,Кузнецова Н.В.,Практическая работа #17,
4,Кузнецова Анна,Математика,68,2025-01-29,Иванова Е.К.,Контрольная работа #10,
10,Попова Татьяна,Физика,12,2025-01-29,Петров А.С.,Проект #15,
2,Петрова Мария,Химия,18,2025-01-30,Сидорова В.П.,Контрольная работа #3,
4,Кузнецова Анна,Химия,54,2025-01-30,Сидорова В.П.,Практическая работа #14,
9,Соколов Павел,Химия,20,2025-01-30,Сидорова В.П.,Лабораторная работа #1,
5,Морозов Дмитрий,Физика,41,2025-01-31,Петров А.С.,Домашнее задание #20,
8,Лебедева Ольга,Биология,44,2025-01-31,Кузнецова Н.В.,Практическая работа #17,
10,Попова Татьяна,Биология,50,2025-01-31,Кузнецова Н.В.,Практическая работа #8,
1,Иванов Иван,Математика,99,2025-02-01,Иванова Е.К.,Лабораторная работа #5,
6,Волкова Елена,Физика,2,2025-02-02,Петров А.С.,Контрольная работа #13,
9,Соколов Павел,Математика,37,2025-02-02,Иванова Е.К.,Лабораторная работа #19,
8,Лебедева Ольга,Биология,2,2025-02-03,Кузнецова Н.В.,Лабораторная работа #4,
1,Иванов Иван,Физика,65,2025-02-04,Петров А.С.,Практическая работа #11,
8,Лебедева Ольга,Физика,82,2025-02-04,Петров А.С.,Домашнее задание #8,
5,Морозов Дмитрий,Физика,59,2025-02-05,Петров А.С.,Контрольная работа #4,
7,Новиков Сергей,Биология,42,2025-02-05,Кузнецова Н.В.,Практическая работа #13,
10,Попова Татьяна,Биология,46,2025-02-05,Кузнецова Н.В.,Контрольная работа #11,
10,Попова Татьяна,Химия,43,2025-02-05,Сидорова В.П.,Домашнее задание #11,
2,Петрова Мария,Химия,48,2025-02-07,Сидорова В.П.,Тест #14,
4,Кузнецова Анна,Химия,63,2025-02-07,Сидорова В.П.,Проект #20,
5,Морозов Дмитрий,Математика,65,2025-02-07,Иванова Е.К.,Практическая работа #7,
8,Лебедева Ольга,Физика,74,2025-02-08,Петров А.С.,Лабораторная работа #15,
4,Кузнецова Анна,Биология,27,2025-02-09,Кузнецова Н.В.,Контрольная работа #10,
8,Лебедева Ольга,Физика,19,2025-02-09,Петров А.С.,Практическая работа #16,
10,Попова Татьяна,Физика,28,2025-02-09,Петров А.С.,Практическая работа #13,
1,Иванов Иван,Физика,34,2025-02-10,Петров А.С.,Практическая работа #16,
5,Морозов Дмитрий,Математика,92,2025-02-10,Иванова Е.К.,Проект #11,
7,Новиков Сергей,Физика,5,2025-02-10,Петров А.С.,Проект #11,
9,Соколов Павел,Математика,28,2025-02-10,Иванова Е.К.,Тест #5,
10,Попова Татьяна,Физика,81,2025-02-10,Петров А.С.,Лабораторная работа #10,
1,Иванов Иван,Физика,26,2025-02-12,Петров А.С.,Лабораторная работа #7,
3,Сидоров Алексей,Химия,91,2025-02-12,Сидорова В.П.,Лабораторная работа #13,
4,Кузнецова Анна,Математика,36,2025-02-12,Иванова Е.К.,Практическая работа #18,
7,Новиков Сергей,Химия,94,2025-02-12,Сидорова В.П.,Практическая работа #6,
8,Лебедева Ольга,Химия,51,2025-02-12,Сидорова В.П.,Лабораторная работа #1,
8,Лебедева Ольга,Химия,59,2025-02-12,Сидорова В.П.,Практическая работа #15,
10,Попова Татьяна,Биология,26,2025-02-12,Кузнецова Н.В.,Контрольная работа #10,
10,Попова Татьяна,Биология,96,2025-02-13,Кузнецова Н.В.,Домашнее задание #14,
7,Новиков Сергей,Физика,52,2025-02-14,Петров А.С.,Проект #7,
9,Соколов Павел,Биология,21,2025-02-14,Кузнецова Н.В.,Практическая работа #18,
3,Сидоров Алексей,Биология,91,2025-02-15,Кузнецова Н.В.,Контрольная работа #8,
3,Сидоров Алексей,Математика,8,2025-02-15,Иванова Е.К.,Лабораторная работа #18,
6,Волкова Елена,Математика,75,2025-02-15,Иванова Е.К.,Проект #10,
9,Соколов Павел,Биология,5,2025-02-15,Кузнецова Н.В.,Практическая работа #4,
1,Иванов Иван,Физика,90,2025-02-16,Петров А.С.,Тест #3,
1,Иванов Иван,Физика,30,2025-02-16,Петров А.С.,Контрольная работа #18,
2,Петрова Мария,Физика,79,2025-02-16,Петров А.С.,Тест #5,
2,Петрова Мария,Химия,86,2025-02-16,Сидорова В.П.,Домашнее задание #20,
2,Петрова Мария,Математика,6,2025-02-17,Иванова Е.К.,Лабораторная работа #12,
3,Сидоров Алексей,Биология,60,2025-02-17,Кузнецова Н.В.,Домашнее задание #20,
9,Соколов Павел,Физика,27,2025-02-17,Петров А.С.,Практическая работа #6,
2,Петрова Мария,Химия,22,2025-02-18,Сидорова В.П.,Практическая работа #4,
6,Волкова Елена,Биология,5,2025-02-19,Кузнецова Н.В.,Проект #11,
6,Волкова Елена,Химия,93,2025-02-19,Сидорова В.П.,Проект #13,
8,Лебедева Ольга,Физика,55,2025-02-19,Петров А.С.,Контрольная работа #13,
9,Соколов Павел,Химия,6,2025-02-19,Сидорова В.П.,Практическая работа #9,
10,Попова Татьяна,Математика,50,2025-02-20,Иванова Е.К.,Тест #1,
2,Петрова Мария,Математика,43,2025-02-21,Иванова Е.К.,Домашнее задание #1,
4,Кузнецова Анна,Физика,28,2025-02-21,Петров А.С.,Практическая работа #16,
5,Морозов Дмитрий,Математика,47,2025-02-23,Иванова Е.К.,Проект #6,
5,Морозов Дмитрий,Химия,64,2025-02-23,Сидорова В.П.,Контрольная работа #5,
4,Кузнецова Анна,Химия,51,2025-02-24,Сидорова В.П.,Практическая работа #16,
6,Волкова Елена,Биология,26,2025-02-24,Кузнецова Н.В.,Домашнее задание #8,
7,Новиков Сергей,Физика,23,2025-02-24,Петров А.С.,Проект #20,
1,Иванов Иван,Математика,34,2025-02-25,Иванова Е.К.,Лабораторная работа #10,
2,Петрова Мария,Биология,16,2025-02-25,Кузнецова Н.В.,Тест #11,
2,Петрова Мария,Математика,99,2025-02-26,Иванова Е.К.,Проект #9,
6,Волкова Елена,Химия,59,2025-02-26,Сидорова В.П.,Проект #17,
9,Соколов Павел,Математика,94,2025-02-26,Иванова Е.К.,Контрольная работа #9,
6,Волкова Елена,Математика,79,2025-02-27,Иванова Е.К.,Практическая работа #8,
6,Волкова Елена,Химия,66,2025-02-27,Сидорова В.П.,Тест #12,
8,Лебедева Ольга,Физика,6,2025-02-27,Петров А.С.,Практическая работа #7,
4,Кузнецова Анна,Химия,65,2025-02-28,Сидорова В.П.,Проект #2,
5,Морозов Дмитрий,Химия,20,2025-02-28,Сидорова В.П.,Практическая работа #6,
4,Кузнецова Анна,Биология,22,2025-03-01,Кузнецова Н.В.,Проект #8,
4,Кузнецова Анна,Биология,49,2025-03-01,Кузнецова Н.В.,Контрольная работа #14,
1,Иванов Иван,Биология,75,2025-03-02,Кузнецова Н.В.,Практическая работа #18,
2,Петрова Мария,Биология,75,2025-03-02,Кузнецова Н.В.,Лабораторная работа #5,
9,Соколов Павел,Физика,5,2025-03-02,Петров А.С.,Проект #8,
2,Петрова Мария,Биология,52,2025-03-03,Кузнецова Н.В.,Лабораторная работа #4,
3,Сидоров Алексей,Биология,70,2025-03-03,Кузнецова Н.В.,Проект #14,
7,Новиков Сергей,Физика,89,2025-03-03,Петров А.С.,Контрольная работа #19,
9,Соколов Павел,Физика,27,2025-03-03,Петров А.С.,Лабораторная работа #13,
9,Соколов Павел,Математика,60,2025-03-04,Иванова Е.К.,Практическая работа #8,
6,Волкова Елена,Математика,52,2025-03-05,Иванова Е.К.,Домашнее задание #7,
4,Кузнецова Анна,Физика,19,2025-03-06,Петров А.С.,Домашнее задание #17,
6,Волкова Елена,Биология,90,2025-03-07,Кузнецова Н.В.,Практическая работа #13,
1,Иванов Иван,Физика,39,2025-03-08,Петров А.С.,Проект #17,
4,Кузнецова Анна,Химия,49,2025-03-08,Сидорова В.П.,Лабораторная работа #12,
3,Сидоров Алексей,Биология,84,2025-03-09,Кузнецова Н.В.,Лабораторная работа #7,
3,Сидоров Алексей,Физика,93,2025-03-09,Петров А.С.,Практическая работа #4,
6,Волкова Елена,Физика,64,2025-03-11,Петров А.С.,Тест #6,
10,Попова Татьяна,Биология,1,2025-03-11,Кузнецова Н.В.,Контрольная работа #17,
4,Кузнецова Анна,Математика,39,2025-03-13,Иванова Е.К.,Домашнее задание #9,
8,Лебедева Ольга,Математика,26,2025-03-13,Иванова Е.К.,Контрольная работа #14,
10,Попова Татьяна,Математика,23,2025-03-13,Иванова Е.К.,Контрольная работа #19,
1,Иванов Иван,Физика,47,2025-03-14,Петров А.С.,Проект #5,
5,Морозов Дмитрий,Биология,68,2025-03-14,Кузнецова Н.В.,Практическая работа #14,
6,Волкова Елена,Физика,9,2025-03-14,Петров А.С.,Практическая работа #14,
3,Сидоров Алексей,Химия,88,2025-03-15,Сидорова В.П.,Проект #11,
6,Волкова Елена,Физика,51,2025-03-15,Петров А.С.,Проект #16,
9,Соколов Павел,Физика,81,2025-03-15,Петров А.С.,Домашнее задание #2,
3,Сидоров Алексей,Биология,82,2025-03-16,Кузнецова Н.В.,Контрольная работа #2,
3,Сидоров Алексей,Физика,16,2025-03-16,Петров А.С.,Контрольная работа #10,
5,Морозов Дмитрий,Химия,53,2025-03-16,Сидорова В.П.,Контрольная работа #11,
6,Волкова Елена,Химия,63,2025-03-16,Сидорова В.П.,Проект #18,
10,Попова Татьяна,Математика,99,2025-03-16,Иванова Е.К.,Контрольная работа #12,
10,Попова Татьяна,Химия,34,2025-03-16,Сидорова В.П.,Контрольная работа #2,
1,Иванов Иван,Химия,43,2025-03-17,Сидорова В.П.,Лабораторная работа #12,
2,Петрова Мария,Химия,38,2025-03-17,Сидорова В.П.,Тест #12,
4,Кузнецова Анна,Математика,99,2025-03-18,Иванова Е.К.,Тест #13,
7,Новиков Сергей,Химия,59,2025-03-18,Сидорова В.П.,Проект #3,
2,Петрова Мария,Биология,60,2025-03-20,Кузнецова Н.В.,Контрольная работа #18,
5,Морозов Дмитрий,Математика,83,2025-03-20,Иванова Е.К.,Лабораторная работа #10,
8,Лебедева Ольга,Физика,31,2025-03-21,Петров А.С.,Контрольная работа #10,
10,Попова Татьяна,Химия,41,2025-03-21,Сидорова В.П.,Лабораторная работа #19,
5,Морозов Дмитрий,Биология,3,2025-03-22,Кузнецова Н.В.,Домашнее задание #19,
5,Морозов Дмитрий,Физика,55,2025-03-22,Петров А.С.,Контрольная работа #15,
2,Петрова Мария,Биология,63,2025-03-24,Кузнецова Н.В.,Проект #12,
10,Попова Татьяна,Математика,50,2025-03-24,Иванова Е.К.,Лабораторная работа #3,
6,Волкова Елена,Математика,51,2025-03-25,Иванова Е.К.,Тест #4,
4,Кузнецова Анна,Физика,17,2025-03-26,Петров А.С.,Лабораторная работа #19,
8,Лебедева Ольга,Химия,63,2025-03-26,Сидорова В.П.,Контрольная работа #18,
10,Попова Татьяна,Биология,76,2025-03-26,Кузнецова Н.В.,Лабораторная работа #6,
10,Попова Татьяна,Химия,82,2025-03-26,Сидорова В.П.,Тест #9,
1,Иванов Иван,Математика,12,2025-03-27,Иванова Е.К.,Тест #12,
2,Петрова Мария,Математика,1,2025-03-27,Иванова Е.К.,Проект #6,
2,Петрова Мария,Химия,4,2025-03-27,Сидорова В.П.,Проект #11,
4,Кузнецова Анна,Физика,45,2025-03-28,Петров А.С.,Домашнее задание #4,
9,Соколов Павел,Химия,39,2025-03-28,Сидорова В.П.,Лабораторная работа #5,
1,Иванов Иван,Физика,25,2025-03-29,Петров А.С.,Тест #1,
5,Морозов Дмитрий,Биология,57,2025-03-29,Кузнецова Н.В.,Домашнее задание #5,
6,Волкова Елена,Химия,98,2025-03-29,Сидорова В.П.,Проект #8,
7,Новиков Сергей,Физика,100,2025-03-29,Петров А.С.,Лабораторная работа #17,
7,Новиков Сергей,Биология,86,2025-03-30,Кузнецова Н.В.,Проект #19,
9,Соколов Павел,Биология,67,2025-04-01,Кузнецова Н.В.,Домашнее задание #19,
10,Попова Татьяна,Химия,100,2025-04-01,Сидорова В.П.,Практическая работа #12,
2,Петрова Мария,Математика,69,2025-04-02,Иванова Е.К.,Практическая работа #15,
6,Волкова Елена,Физика,41,2025-04-02,Петров А.С.,Тест #17,
7,Новиков Сергей,Химия,9,2025-04-02,Сидорова В.П.,Проект #7,
8,Лебедева Ольга,Математика,19,2025-04-02,Иванова Е.К.,Лабораторная работа #12,
9,Соколов Павел,Математика,75,2025-04-03,Иванова Е.К.,Контрольная работа #15,
3,Сидоров Алексей,Математика,24,2025-04-04,Иванова Е.К.,Контрольная работа #10,
5,Морозов Дмитрий,Биология,51,2025-04-04,Кузнецова Н.В.,Лабораторная работа #20,
10,Попова Татьяна,Биология,17,2025-04-04,Кузнецова Н.В.,Контрольная работа #19,
9,Соколов Павел,Математика,17,2025-04-05,Иванова Е.К.,Практическая работа #13,
3,Сидоров Алексей,Химия,63,2025-04-07,Сидорова В.П.,Практическая работа #16,
7,Новиков Сергей,Химия,4,2025-04-07,Сидорова В.П.,Практическая работа #11,
9,Соколов Павел,Физика,27,2025-04-08,Петров А.С.,Тест #1,
6,Волкова Елена,Физика,54,2025-04-09,Петров А.С.,Проект #8,
1,Иванов Иван,Физика,24,2025-04-10,Петров А.С.,Проект #8,
2,Петрова Мария,Математика,9,2025-04-10,Иванова Е.К.,Лабораторная работа #2,
8,Лебедева Ольга,Биология,94,2025-04-11,Кузнецова Н.В.,Тест #12,
4,Кузнецова Анна,Биология,59,2025-04-12,Кузнецова Н.В.,Домашнее задание #12,
5,Морозов Дмитрий,Биология,52,2025-04-12,Кузнецова Н.В.,Контрольная работа #8,
8,Лебедева Ольга,Химия,3,2025-04-12,Сидорова В.П.,Практическая работа #12,
3,Сидоров Алексей,Химия,83,2025-04-13,Сидорова В.П.,Практическая работа #6,
4,Кузнецова Анна,Математика,8,2025-04-13,Иванова Е.К.,Практическая работа #6,
2,Петрова Мария,Математика,37,2025-04-14,Иванова Е.К.,Проект #3,
5,Морозов Дмитрий,Химия,13,2025-04-14,Сидорова В.П.,Практическая работа #14,
9,Соколов Павел,Физика,91,2025-04-14,Петров А.С.,Проект #16,
1,Иванов Иван,Биология,0,2025-04-15,Кузнецова Н.В.,Лабораторная работа #8,
2,Петрова Мария,Биология,81,2025-04-15,Кузнецова Н.В.,Лабораторная работа #3,
4,Кузнецова Анна,Физика,57,2025-04-15,Петров А.С.,Практическая работа #7,
5,Морозов Дмитрий,Физика,68,2025-04-15,Петров А.С.,Практическая работа #18,
9,Соколов Павел,Физика,54,2025-04-15,Петров А.С.,Лабораторная работа #19,
10,Попова Татьяна,Физика,79,2025-04-15,Петров А.С.,Контрольная работа #3,
2,Петрова Мария,Физика,3,2025-04-16,Петров А.С.,Домашнее задание #1,
5,Морозов Дмитрий,Биология,88,2025-04-17,Кузнецова Н.В.,Проект #7,
3,Сидоров Алексей,Химия,18,2025-04-18,Сидорова В.П.,Тест #1,
8,Лебедева Ольга,Математика,50,2025-04-18,Иванова Е.К.,Домашнее задание #9,
1,Иванов Иван,Химия,96,2025-04-19,Сидорова В.П.,Лабораторная работа #4,
6,Волкова Елена,Биология,20,2025-04-19,Кузнецова Н.В.,Домашнее задание #2,
7,Новиков Сергей,Химия,62,2025-04-20,Сидорова В.П.,Проект #20,
9,Соколов Павел,Математика,32,2025-04-20,Иванова Е.К.,Тест #4,
3,Сидоров Алексей,Физика,82,2025-04-21,Петров А.С.,Практическая работа #9,
7,Новиков Сергей,Физика,71,2025-04-21,Петров А.С.,Лабораторная работа #2,
7,Новиков Сергей,Химия,54,2025-04-21,Сидорова В.П.,Проект #4,
8,Лебедева Ольга,Биология,80,2025-04-21,Кузнецова Н.В.,Контрольная работа #13,
7,Новиков Сергей,Физика,91,2025-04-22,Петров А.С.,Контрольная работа #15,
2,Петрова Мария,Химия,77,2025-04-23,Сидорова В.П.,Практическая работа #16,
9,Соколов Павел,Физика,87,2025-04-24,Петров А.С.,Домашнее задание #11,
2,Петрова Мария,Физика,22,2025-04-25,Петров А.С.,Проект #3,
4,Кузнецова Анна,Физика,96,2025-04-25,Петров А.С.,Тест #3,
9,Соколов Павел,Физика,98,2025-04-25,Петров А.С.,Контрольная работа #4,
10,Попова Татьяна,Химия,1,2025-04-25,Сидорова В.П.,Проект #8,
2,Петрова Мария,Биология,36,2025-04-26,Кузнецова Н.В.,Домашнее задание #14,
7,Новиков Сергей,Физика,97,2025-04-26,Петров А.С.,Проект #13,
10,Попова Татьяна,Физика,50,2025-04-26,Петров А.С.,Проект #17,
1,Иванов Иван,Математика,83,2025-04-27,Иванова Е.К.,Контрольная работа #11,
6,Волкова Елена,Биология,13,2025-04-27,Кузнецова Н.В.,Практическая работа #18,
9,Соколов Павел,Математика,77,2025-04-27,Иванова Е.К.,Тест #1,
5,Морозов Дмитрий,Биология,40,2025-04-28,Кузнецова Н.В.,Лабораторная работа #4,
8,Лебедева Ольга,Физика,90,2025-04-28,Петров А.С.,Контрольная работа #19,
1,Иванов Иван,Биология,19,2025-04-29,Кузнецова Н.В.,Лабораторная работа #11,
6,Волкова Елена,Химия,48,2025-04-29,Сидорова В.П.,Проект #14,
7,Новиков Сергей,Биология,15,2025-04-29,Кузнецова Н.В.,Тест #15,
7,Новиков Сергей,Физика,99,2025-04-29,Петров А.С.,Тест #14,
8,Лебедева Ольга,Биология,71,2025-04-29,Кузнецова Н.В.,Практическая работа #7,
4,Кузнецова Анна,Биология,11,2025-04-30,Кузнецова Н.В.,Домашнее задание #20,
6,Волкова Елена,Биология,25,2025-04-30,Кузнецова Н.В.,Практическая работа #7,
8,Лебедева Ольга,Математика,88,2025-04-30,Иванова Е.К.,Лабораторная работа #8,
4,Кузнецова Анна,Химия,29,2025-05-01,Сидорова В.П.,Домашнее задание #5,
2,Петрова Мария,Математика,82,2025-05-02,Иванова Е.К.,Лабораторная работа #13,
2,Петрова Мария,Химия,11,2025-05-03,Сидорова В.П.,Практическая работа #10,
3,Сидоров Алексей,Физика,23,2025-05-03,Петров А.С.,Контрольная работа #15,
4,Кузнецова Анна,Физика,82,2025-05-03,Петров А.С.,Проект #1,
8,Лебедева Ольга,Физика,57,2025-05-04,Петров А.С.,Контрольная работа #6,
1,Иванов Иван,Химия,28,2025-05-06,Сидорова В.П.,Практическая работа #9,
3,Сидоров Алексей,Биология,100,2025-05-06,Кузнецова Н.В.,Проект #1,
3,Сидоров Алексей,Математика,16,2025-05-06,Иванова Е.К.,Лабораторная работа #15,
4,Кузнецова Анна,Математика,27,2025-05-06,Иванова Е.К.,Тест #15,
5,Морозов Дмитрий,Биология,7,2025-05-07,Кузнецова Н.В.,Контрольная работа #12,
7,Новиков Сергей,Математика,25,2025-05-07,Иванова Е.К.,Домашнее задание #6,
9,Соколов Павел,Биология,54,2025-05-07,Кузнецова Н.В.,Практическая работа #13,
9,Соколов Павел,Математика,78,2025-05-07,Иванова Е.К.,Контрольная работа #12,
10,Попова Татьяна,Биология,93,2025-05-07,Кузнецова Н.В.,Домашнее задание #2,
6,Волкова Елена,Химия,62,2025-05-09,Сидорова В.П.,Лабораторная работа #6,
8,Лебедева Ольга,Биология,5,2025-05-09,Кузнецова Н.В.,Практическая работа #16,
10,Попова Татьяна,Физика,65,2025-05-09,Петров А.С.,Тест #20,
4,Кузнецова Анна,Биология,51,2025-05-10,Кузнецова Н.В.,Практическая работа #19,
4,Кузнецова Анна,Физика,67,2025-05-10,Петров А.С.,Тест #2,
4,Кузнецова Анна,Химия,37,2025-05-10,Сидорова В.П.,Лабораторная работа #10,
6,Волкова Елена,Химия,21,2025-05-10,Сидорова В.П.,Контрольная работа #9,
10,Попова Татьяна,Физика,59,2025-05-11,Петров А.С.,Домашнее задание #11,
2,Петрова Мария,Химия,29,2025-05-12,Сидорова В.П.,Домашнее задание #17,
6,Волкова Елена,Химия,74,2025-05-12,Сидорова В.П.,Проект #19,
7,Новиков Сергей,Математика,32,2025-05-12,Иванова Е.К.,Контрольная работа #18,
7,Новиков Сергей,Химия,45,2025-05-14,Сидорова В.П.,Проект #5,
4,Кузнецова Анна,Биология,25,2025-05-15,Кузнецова Н.В.,Проект #3,
8,Лебедева Ольга,Физика,88,2025-05-15,Петров А.С.,Домашнее задание #3,
9,Соколов Павел,Биология,7,2025-05-16,Кузнецова Н.В.,Практическая работа #9,
10,Попова Татьяна,Математика,53,2025-05-16,Иванова Е.К.,Проект #13,
4,Кузнецова Анна,Биология,20,2025-05-17,Кузнецова Н.В.,Контрольная работа #16,
6,Волкова Елена,Физика,30,2025-05-17,Петров А.С.,Тест #20,
2,Петрова Мария,Химия,44,2025-05-18,Сидорова В.П.,Проект #13,
6,Волкова Елена,Биология,52,2025-05-19,Кузнецова Н.В.,Практическая работа #1,
6,Волкова Елена,Математика,41,2025-05-19,Иванова Е.К.,Практическая работа #18,
7,Новиков Сергей,Математика,12,2025-05-19,Иванова Е.К.,Тест #3,
3,Сидоров Алексей,Физика,35,2025-05-20,Петров А.С.,Практическая работа #3,
4,Кузнецова Анна,Физика,66,2025-05-20,Петров А.С.,Проект #15,
10,Попова Татьяна,Физика,6,2025-05-20,Петров А.С.,Проект #8,
6,Волкова Елена,Биология,65,2025-05-21,Кузнецова Н.В.,Лабораторная работа #14,
6,Волкова Елена,Математика,95,2025-05-21,Иванова Е.К.,Домашнее задание #14,
6,Волкова Елена,Химия,72,2025-05-21,Сидорова В.П.,Лабораторная работа #11,
1,Иванов Иван,Математика,51,2025-05-22,Иванова Е.К.,Лабораторная работа #7,
1,Иванов Иван,Химия,15,2025-05-22,Сидорова В.П.,Домашнее задание #10,
2,Петрова Мария,Биология,72,2025-05-23,Кузнецова Н.В.,Лабораторная работа #2,
5,Морозов Дмитрий,Физика,66,2025-05-23,Петров А.С.,Контрольная работа #10,
9,Соколов Павел,Биология,81,2025-05-23,Кузнецова Н.В.,Контрольная работа #14,
9,Соколов Павел,Физика,66,2025-05-23,Петров А.С.,Контрольная работа #18,
1,Иванов Иван,Физика,76,2025-05-24,Петров А.С.,Домашнее задание #20,
3,Сидоров Алексей,Биология,58,2025-05-24,Кузнецова Н.В.,Домашнее задание #9,
4,Кузнецова Анна,Химия,71,2025-05-24,Сидорова В.П.,Проект #9,
3,Сидоров Алексей,Математика,53,2025-05-25,Иванова Е.К.,Домашнее задание #16,
5,Морозов Дмитрий,Математика,53,2025-05-25,Иванова Е.К.,Тест #1,
10,Попова Татьяна,Химия,18,2025-05-25,Сидорова В.П.,Домашнее задание #1,
5,Морозов Дмитрий,Математика,72,2025-05-26,Иванова Е.К.,Практическая работа #19,
6,Волкова Елена,Математика,95,2025-05-26,Иванова Е.К.,Проект #6,
6,Волкова Елена,Физика,91,2025-05-26,Петров А.С.,Контрольная работа #10,
7,Новиков Сергей,Математика,9,2025-05-26,Иванова Е.К.,Проект #2,
5,Морозов Дмитрий,Химия,40,2025-05-28,Сидорова В.П.,Проект #8,
2,Петрова Мария,Биология,8,2025-05-29,Кузнецова Н.В.,Проект #16,
2,Петрова Мария,Химия,53,2025-05-29,Сидорова В.П.,Проект #19,
8,Лебедева Ольга,Математика,18,2025-05-30,Иванова Е.К.,Контрольная работа #6,
3,Сидоров Алексей,Биология,62,2025-05-31,Кузнецова Н.В.,Практическая работа #6,
5,Морозов Дмитрий,Биология,9,2025-05-31,Кузнецова Н.В.,Лабораторная работа #16,
9,Соколов Павел,Физика,9,2025-05-31,Петров А.С.,Контрольная работа #7,
10,Попова Татьяна,Физика,74,2025-05-31,Петров А.С.,Домашнее задание #6,
6,Волкова Елена,Биология,12,2025-06-02,Кузнецова Н.В.,Лабораторная работа #6,
4,Кузнецова Анна,Физика,26,2025-06-03,Петров А.С.,Практическая работа #14,
4,Кузнецова Анна,Химия,53,2025-06-03,Сидорова В.П.,Домашнее задание #15,
9,Соколов Павел,Биология,74,2025-06-03,Кузнецова Н.В.,Контрольная работа #15,
9,Соколов Павел,Химия,30,2025-06-03,Сидорова В.П.,Лабораторная работа #8,
1,Иванов Иван,Математика,64,2025-06-04,Иванова Е.К.,Лабораторная работа #3,
10,Попова Татьяна,Химия,73,2025-06-04,Сидорова В.П.,Домашнее задание #18,
2,Петрова Мария,Биология,58,2025-06-05,Кузнецова Н.В.,Лабораторная работа #19,
6,Волкова Елена,Биология,41,2025-06-05,Кузнецова Н.В.,Лабораторная работа #17,
1,Иванов Иван,Химия,85,2025-06-06,Сидорова В.П.,Контрольная работа #1,
4,Кузнецова Анна,Математика,75,2025-06-06,Иванова Е.К.,Практическая работа #20,
4,Кузнецова Анна,Физика,65,2025-06-06,Петров А.С.,Проект #6,
6,Волкова Елена,Математика,83,2025-06-06,Иванова Е.К.,Практическая работа #15,
9,Соколов Павел,Математика,23,2025-06-06,Иванова Е.К.,Лабораторная работа #14,
9,Соколов Павел,Биология,76,2025-06-07,Кузнецова Н.В.,Проект #7,
10,Попова Татьяна,Биология,71,2025-06-07,Кузнецова Н.В.,Контрольная работа #4,
2,Петрова Мария,Физика,58,2025-06-10,Петров А.С.,Домашнее задание #20,
5,Морозов Дмитрий,Физика,87,2025-06-10,Петров А.С.,Тест #7,
7,Новиков Сергей,Биология,64,2025-06-10,Кузнецова Н.В.,Контрольная работа #1,
3,Сидоров Алексей,Химия,64,2025-06-11,Сидорова В.П.,Тест #2,
4,Кузнецова Анна,Биология,56,2025-06-11,Кузнецова Н.В.,Домашнее задание #18,
6,Волкова Елена,Биология,70,2025-06-11,Кузнецова Н.В.,Домашнее задание #10,
3,Сидоров Алексей,Химия,79,2025-06-12,Сидорова В.П.,Проект #17,
9,Соколов Павел,Химия,10,2025-06-12,Сидорова В.П.,Проект #20,
10,Попова Татьяна,Биология,74,2025-06-13,Кузнецова Н.В.,Тест #15,
10,Попова Татьяна,Химия,36,2025-06-13,Сидорова В.П.,Лабораторная работа #5,
4,Кузнецова Анна,Биология,18,2025-06-14,Кузнецова Н.В.,Лабораторная работа #6,
7,Новиков Сергей,Биология,77,2025-06-14,Кузнецова Н.В.,Контрольная работа #6,
9,Соколов Павел,Физика,92,2025-06-14,Петров А.С.,Проект #3,
3,Сидоров Алексей,Биология,24,2025-06-15,Кузнецова Н.В.,Практическая работа #13,
4,Кузнецова Анна,Физика,19,2025-06-15,Петров А.С.,Домашнее задание #8,
7,Новиков Сергей,Математика,96,2025-06-15,Иванова Е.К.,Контрольная работа #5,
9,Соколов Павел,Биология,96,2025-06-15,Кузнецова Н.В.,Тест #10,
1,Иванов Иван,Физика,44,2025-06-16,Петров А.С.,Домашнее задание #14,
2,Петрова Мария,Физика,30,2025-06-16,Петров А.С.,Контрольная работа #14,
2,Петрова Мария,Физика,12,2025-06-16,Петров А.С.,Лабораторная работа #16,
7,Новиков Сергей,Математика,56,2025-06-16,Иванова Е.К.,Домашнее задание #4,
7,Новиков Сергей,Химия,96,2025-06-16,Сидорова В.П.,Домашнее задание #10,
8,Лебедева Ольга,Биология,50,2025-06-16,Кузнецова Н.В.,Лабораторная работа #6,
1,Иванов Иван,Биология,90,2025-06-17,Кузнецова Н.В.,Проект #6,
4,Кузнецова Анна,Математика,18,2025-06-17,Иванова Е.К.,Домашнее задание #3,
10,Попова Татьяна,Математика,12,2025-06-17,Иванова Е.К.,Проект #18,
3,Сидоров Алексей,Биология,89,2025-06-18,Кузнецова Н.В.,Проект #3,
4,Кузнецова Анна,Математика,60,2025-06-18,Иванова Е.К.,Тест #19,
8,Лебедева Ольга,Физика,66,2025-06-18,Петров А.С.,Лабораторная работа #2,
9,Соколов Павел,Химия,5,2025-06-18,Сидорова В.П.,Контрольная работа #13,
10,Попова Татьяна,Химия,65,2025-06-18,Сидорова В.П.,Домашнее задание #15,
5,Морозов Дмитрий,Физика,26,2025-06-19,Петров А.С.,Тест #12,
6,Волкова Елена,Химия,64,2025-06-19,Сидорова В.П.,Проект #1,
7,Новиков Сергей,Химия,50,2025-06-19,Сидорова В.П.,Проект #16,
2,Петрова Мария,Математика,78,2025-06-20,Иванова Е.К.,Домашнее задание #7,
3,Сидоров Алексей,Химия,22,2025-06-20,Сидорова В.П.,Контрольная работа #3,
4,Кузнецова Анна,Математика,50,2025-06-20,Иванова Е.К.,Лабораторная работа #11,
10,Попова Татьяна,Физика,14,2025-06-20,Петров А.С.,Проект #12,
1,Иванов Иван,Математика,8,2025-06-22,Иванова Е.К.,Лабораторная работа #17,
8,Лебедева Ольга,Математика,7,2025-06-22,Иванова Е.К.,Контрольная работа #20,
3,Сидоров Алексей,Математика,13,2025-06-23,Иванова Е.К.,Лабораторная работа #6,
3,Сидоров Алексей,Физика,56,2025-06-23,Петров А.С.,Лабораторная работа #17,
5,Морозов Дмитрий,Математика,70,2025-06-23,Иванова Е.К.,Домашнее задание #15,
8,Лебедева Ольга,Математика,38,2025-06-23,Иванова Е.К.,Практическая работа #16,
3,Сидоров Алексей,Физика,23,2025-06-24,Петров А.С.,Практическая работа #13,
4,Кузнецова Анна,Биология,80,2025-06-24,Кузнецова Н.В.,Лабораторная работа #13,
4,Кузнецова Анна,Физика,7,2025-06-24,Петров А.С.,Домашнее задание #20,
6,Волкова Елена,Биология,25,2025-06-24,Кузнецова Н.В.,Тест #9,
8,Лебедева Ольга,Биология,53,2025-06-24,Кузнецова Н.В.,Домашнее задание #8,
8,Лебедева Ольга,Химия,16,2025-06-24,Сидорова В.П.,Проект #17,
10,Попова Татьяна,Биология,68,2025-06-24,Кузнецова Н.В.,Практическая работа #12,
2,Петрова Мария,Математика,99,2025-06-26,Иванова Е.К.,Домашнее задание #4,
7,Новиков Сергей,Физика,78,2025-06-26,Петров А.С.,Тест #6,
10,Попова Татьяна,Математика,73,2025-06-26,Иванова Е.К.,Практическая работа #9,
1,Иванов Иван,Математика,53,2025-06-27,Иванова Е.К.,Проект #18,
7,Новиков Сергей,Биология,19,2025-06-27,Кузнецова Н.В.,Лабораторная работа #9,
5,Морозов Дмитрий,Физика,96,2025-06-29,Петров А.С.,Проект #1,
5,Морозов Дмитрий,Химия,99,2025-06-29,Сидорова В.П.,Домашнее задание #15,
2,Петрова Мария,Биология,42,2025-06-30,Кузнецова Н.В.,Проект #8,
9,Соколов Павел,Математика,38,2025-07-01,Иванова Е.К.,Проект #6,
7,Новиков Сергей,Биология,12,2025-07-02,Кузнецова Н.В.,Тест #10,
8,Лебедева Ольга,Биология,18,2025-07-02,Кузнецова Н.В.,Контрольная работа #1,
6,Волкова Елена,Математика,46,2025-07-03,Иванова Е.К.,Тест #17,
7,Новиков Сергей,Химия,37,2025-07-03,Сидорова В.П.,Домашнее задание #8,
10,Попова Татьяна,Химия,65,2025-07-03,Сидорова В.П.,Домашнее задание #20,
7,Новиков Сергей,Биология,3,2025-07-04,Кузнецова Н.В.,Тест #2,
3,Сидоров Алексей,Физика,77,2025-07-05,Петров А.С.,Лабораторная работа #12,
1,Иванов Иван,Математика,11,2025-07-06,Иванова Е.К.,Проект #13,
1,Иванов Иван,Химия,9,2025-07-06,Сидорова В.П.,Контрольная работа #8,
8,Лебедева Ольга,Биология,90,2025-07-06,Кузнецова Н.В.,Проект #9,
4,Кузнецова Анна,Математика,100,2025-07-08,Иванова Е.К.,Лабораторная работа #17,
4,Кузнецова Анна,Физика,33,2025-07-09,Петров А.С.,Тест #13,
5,Морозов Дмитрий,Физика,91,2025-07-09,Петров А.С.,Лабораторная работа #8,
8,Лебедева Ольга,Физика,73,2025-07-09,Петров А.С.,Домашнее задание #1,
9,Соколов Павел,Химия,88,2025-07-09,Сидорова В.П.,Контрольная работа #3,
10,Попова Татьяна,Математика,25,2025-07-09,Иванова Е.К.,Домашнее задание #2,
1,Иванов Иван,Физика,81,2025-07-10,Петров А.С.,Тест #9,
3,Сидоров Алексей,Химия,39,2025-07-11,Сидорова В.П.,Домашнее задание #14,
8,Лебедева Ольга,Биология,26,2025-07-12,Кузнецова Н.В.,Домашнее задание #2,
9,Соколов Павел,Химия,41,2025-07-12,Сидорова В.П.,Практическая работа #15,
6,Волкова Елена,Химия,13,2025-07-13,Сидорова В.П.,Лабораторная работа #15,
7,Новиков Сергей,Математика,84,2025-07-13,Иванова Е.К.,Контрольная работа #20,
4,Кузнецова Анна,Химия,84,2025-07-14,Сидорова В.П.,Лабораторная работа #3,
9,Соколов Павел,Биология,7,2025-07-14,Кузнецова Н.В.,Контрольная работа #2,
10,Попова Татьяна,Математика,5,2025-07-14,Иванова Е.К.,Домашнее задание #7,
3,Сидоров Алексей,Математика,31,2025-07-15,Иванова Е.К.,Практическая работа #8,
3,Сидоров Алексей,Физика,31,2025-07-15,Петров А.С.,Домашнее задание #8,
4,Кузнецова Анна,Биология,69,2025-07-15,Кузнецова Н.В.,Проект #11,
5,Морозов Дмитрий,Математика,95,2025-07-15,Иванова Е.К.,Домашнее задание #3,
5,Морозов Дмитрий,Химия,66,2025-07-15,Сидорова В.П.,Лабораторная работа #13,
2,Петрова Мария,Физика,43,2025-07-16,Петров А.С.,Лабораторная работа #19,
4,Кузнецова Анна,Биология,46,2025-07-16,Кузнецова Н.В.,Практическая работа #15,
5,Морозов Дмитрий,Биология,76,2025-07-16,Кузнецова Н.В.,Лабораторная работа #3,
8,Лебедева Ольга,Математика,13,2025-07-16,Иванова Е.К.,Контрольная работа #11,
3,Сидоров Алексей,Биология,96,2025-07-17,Кузнецова Н.В.,Практическая работа #11,
1,Иванов Иван,Биология,27,2025-07-18,Кузнецова Н.В.,Контрольная работа #7,
1,Иванов Иван,Химия,81,2025-07-18,Сидорова В.П.,Проект #17,
7,Новиков Сергей,Биология,79,2025-07-18,Кузнецова Н.В.,Домашнее задание #14,
6,Волкова Елена,Физика,71,2025-07-19,Петров А.С.,Лабораторная работа #19,
7,Новиков Сергей,Физика,12,2025-07-19,Петров А.С.,Домашнее задание #5,
2,Петрова Мария,Математика,34,2025-07-20,Иванова Е.К.,Проект #20,
2,Петрова Мария,Химия,33,2025-07-20,Сидорова В.П.,Лабораторная работа #15,
8,Лебедева Ольга,Физика,44,2025-07-20,Петров А.С.,Домашнее задание #17,
10,Попова Татьяна,Физика,96,2025-07-21,Петров А.С.,Практическая работа #2,
8,Лебедева Ольга,Химия,66,2025-07-22,Сидорова В.П.,Практическая работа #14,
2,Петрова Мария,Химия,63,2025-07-24,Сидорова В.П.,Контрольная работа #7,
4,Кузнецова Анна,Химия,36,2025-07-24,Сидорова В.П.,Контрольная работа #1,
9,Соколов Павел,Математика,62,2025-07-24,Иванова Е.К.,Проект #10,
2,Петрова Мария,Биология,46,2025-07-25,Кузнецова Н.В.,Домашнее задание #13,
9,Соколов Павел,Физика,21,2025-07-25,Петров А.С.,Практическая работа #10,
1,Иванов Иван,Физика,97,2025-07-26,Петров А.С.,Тест #4,
4,Кузнецова Анна,Биология,86,2025-07-26,Кузнецова Н.В.,Домашнее задание #1,
5,Морозов Дмитрий,Математика,4,2025-07-26,Иванова Е.К.,Практическая работа #16,
9,Соколов Павел,Математика,4,2025-07-27,Иванова Е.К.,Лабораторная работа #11,
1,Иванов Иван,Математика,3,2025-07-28,Иванова Е.К.,Практическая работа #20,
2,Петрова Мария,Химия,70,2025-07-28,Сидорова В.П.,Контрольная работа #1,
7,Новиков Сергей,Физика,7,2025-07-28,Петров А.С.,Проект #1,
2,Петрова Мария,Химия,50,2025-07-29,Сидорова В.П.,Лабораторная работа #5,
3,Сидоров Алексей,Физика,2,2025-07-29,Петров А.С.,Тест #7,
6,Волкова Елена,Химия,36,2025-07-29,Сидорова В.П.,Проект #5,
3,Сидоров Алексей,Химия,37,2025-07-30,Сидорова В.П.,Практическая работа #8,
4,Кузнецова Анна,Химия,88,2025-07-30,Сидорова В.П.,Домашнее задание #8,
1,Иванов Иван,Физика,20,2025-07-31,Петров А.С.,Домашнее задание #6,
8,Лебедева Ольга,Математика,43,2025-07-31,Иванова Е.К.,Домашнее задание #10,
1,Иванов Иван,Химия,80,2025-08-01,Сидорова В.П.,Тест #20,
6,Волкова Елена,Математика,66,2025-08-01,Иванова Е.К.,Проект #13,
7,Новиков Сергей,Биология,83,2025-08-01,Кузнецова Н.В.,Практическая работа #16,
10,Попова Татьяна,Математика,41,2025-08-01,Иванова Е.К.,Домашнее задание #17,
4,Кузнецова Анна,Математика,99,2025-08-02,Иванова Е.К.,Лабораторная работа #16,
8,Лебедева Ольга,Химия,40,2025-08-02,Сидорова В.П.,Контрольная работа #3,
5,Морозов Дмитрий,Физика,1,2025-08-03,Петров А.С.,Практическая работа #11,
9,Соколов Павел,Биология,52,2025-08-03,Кузнецова Н.В.,Домашнее задание #12,
10,Попова Татьяна,Физика,11,2025-08-03,Петров А.С.,Лабораторная работа #7,
7,Новиков Сергей,Физика,39,2025-08-04,Петров А.С.,Домашнее задание #9,
1,Иванов Иван,Химия,89,2025-08-05,Сидорова В.П.,Проект #7,
3,Сидоров Алексей,Биология,27,2025-08-05,Кузнецова Н.В.,Проект #19,
4,Кузнецова Анна,Биология,60,2025-08-05,Кузнецова Н.В.,Лабораторная работа #2,
4,Кузнецова Анна,Химия,70,2025-08-05,Сидорова В.П.,Практическая работа #18,
9,Соколов Павел,Математика,2,2025-08-05,Иванова Е.К.,Контрольная работа #18,
9,Соколов Павел,Физика,40,2025-08-05,Петров А.С.,Домашнее задание #17,
4,Кузнецова Анна,Биология,86,2025-08-06,Кузнецова Н.В.,Практическая работа #7,
6,Волкова Елена,Физика,85,2025-08-06,Петров А.С.,Контрольная работа #4,
9,Соколов Павел,Математика,79,2025-08-06,Иванова Е.К.,Контрольная работа #7,
5,Морозов Дмитрий,Химия,14,2025-08-07,Сидорова В.П.,Тест #16,
6,Волкова Елена,Физика,62,2025-08-07,Петров А.С.,Практическая работа #3,
1,Иванов Иван,Биология,7,2025-08-08,Кузнецова Н.В.,Лабораторная работа #5,
5,Морозов Дмитрий,Биология,31,2025-08-08,Кузнецова Н.В.,Тест #15,
6,Волкова Елена,Математика,45,2025-08-08,Иванова Е.К.,Контрольная работа #5,
8,Лебедева Ольга,Физика,6,2025-08-08,Петров А.С.,Лабораторная работа #12,
2,Петрова Мария,Физика,30,2025-08-09,Петров А.С.,Тест #10,
1,Иванов Иван,Химия,35,2025-08-10,Сидорова В.П.,Проект #2,
9,Соколов Павел,Химия,38,2025-08-10,Сидорова В.П.,Проект #12,
1,Иванов Иван,Химия,71,2025-08-11,Сидорова В.П.,Практическая работа #14,
8,Лебедева Ольга,Математика,78,2025-08-11,Иванова Е.К.,Контрольная работа #15,
1,Иванов Иван,Биология,56,2025-08-12,Кузнецова Н.В.,Лабораторная работа #20,
2,Петрова Мария,Физика,12,2025-08-12,Петров А.С.,Лабораторная работа #11,
8,Лебедева Ольга,Физика,59,2025-08-13,Петров А.С.,Проект #5,
6,Волкова Елена,Физика,37,2025-08-14,Петров А.С.,Лабораторная работа #2,
7,Новиков Сергей,Химия,64,2025-08-14,Сидорова В.П.,Тест #17,
8,Лебедева Ольга,Биология,9,2025-08-14,Кузнецова Н.В.,Контрольная работа #11,
8,Лебедева Ольга,Математика,57,2025-08-14,Иванова Е.К.,Контрольная работа #3,
5,Морозов Дмитрий,Химия,2,2025-08-15,Сидорова В.П.,Проект #18,
6,Волкова Елена,Химия,0,2025-08-15,Сидорова В.П.,Контрольная работа #3,
1,Иванов Иван,Биология,99,2025-08-16,Кузнецова Н.В.,Домашнее задание #2,
1,Иванов Иван,Биология,74,2025-08-16,Кузнецова Н.В.,Контрольная работа #12,
6,Волкова Елена,Математика,58,2025-08-16,Иванова Е.К.,Контрольная работа #12,
6,Волкова Елена,Физика,82,2025-08-16,Петров А.С.,Проект #11,
1,Иванов Иван,Химия,83,2025-08-17,Сидорова В.П.,Проект #6,
7,Новиков Сергей,Биология,46,2025-08-17,Кузнецова Н.В.,Лабораторная работа #5,
5,Морозов Дмитрий,Математика,83,2025-08-18,Иванова Е.К.,Практическая работа #18,
7,Новиков Сергей,Математика,93,2025-08-18,Иванова Е.К.,Проект #13,
10,Попова Татьяна,Биология,75,2025-08-18,Кузнецова Н.В.,Контрольная работа #13,
1,Иванов Иван,Биология,52,2025-08-19,Кузнецова Н.В.,Проект #14,
6,Волкова Елена,Математика,47,2025-08-19,Иванова Е.К.,Тест #11,
7,Новиков Сергей,Физика,3,2025-08-19,Петров А.С.,Практическая работа #4,
8,Лебедева Ольга,Химия,86,2025-08-19,Сидорова В.П.,Домашнее задание #4,
1,Иванов Иван,Химия,68,2025-08-20,Сидорова В.П.,Тест #15,
4,Кузнецова Анна,Математика,97,2025-08-20,Иванова Е.К.,Лабораторная работа #14,
10,Попова Татьяна,Физика,24,2025-08-20,Петров А.С.,Проект #5,
7,Новиков Сергей,Биология,67,2025-08-21,Кузнецова Н.В.,Домашнее задание #12,
10,Попова Татьяна,Химия,74,2025-08-21,Сидорова В.П.,Тест #4,
3,Сидоров Алексей,Физика,90,2025-08-22,Петров А.С.,Тест #20,
5,Морозов Дмитрий,Физика,15,2025-08-23,Петров А.С.,Тест #19,
5,Морозов Дмитрий,Математика,24,2025-08-24,Иванова Е.К.,Домашнее задание #13,
6,Волкова Елена,Биология,75,2025-08-24,Кузнецова Н.В.,Практическая работа #5,
10,Попова Татьяна,Математика,58,2025-08-24,Иванова Е.К.,Тест #16,
2,Петрова Мария,Физика,34,2025-08-25,Петров А.С.,Домашнее задание #9,
3,Сидоров Алексей,Математика,53,2025-08-25,Иванова Е.К.,Проект #14,
8,Лебедева Ольга,Физика,69,2025-08-26,Петров А.С.,Домашнее задание #20,
9,Соколов Павел,Математика,26,2025-08-26,Иванова Е.К.,Лабораторная работа #3,
9,Соколов Павел,Физика,28,2025-08-26,Петров А.С.,Домашнее задание #14,
1,Иванов Иван,Химия,52,2025-08-27,Сидорова В.П.,Проект #16,
4,Кузнецова Анна,Физика,27,2025-08-27,Петров А.С.,Тест #9,
1,Иванов Иван,Биология,31,2025-08-28,Кузнецова Н.В.,Домашнее задание #13,
1,Иванов Иван,Математика,58,2025-08-28,Иванова Е.К.,Контрольная работа #19,
7,Новиков Сергей,Биология,6,2025-08-28,Кузнецова Н.В.,Практическая работа #3,
1,Иванов Иван,Математика,14,2025-08-29,Иванова Е.К.,Проект #14,
9,Соколов Павел,Химия,27,2025-08-29,Сидорова В.П.,Домашнее задание #14,
10,Попова Татьяна,Биология,55,2025-08-29,Кузнецова Н.В.,Лабораторная работа #18,
10,Попова Татьяна,Биология,93,2025-08-30,Кузнецова Н.В.,Контрольная работа #1,
1,Иванов Иван,Математика,84,2025-08-31,Иванова Е.К.,Тест #2,
3,Сидоров Алексей,Физика,42,2025-08-31,Петров А.С.,Контрольная работа #14,
5,Морозов Дмитрий,Физика,75,2025-09-01,Петров А.С.,Контрольная работа #5,
8,Лебедева Ольга,Физика,63,2025-09-01,Петров А.С.,Практическая работа #9,
8,Лебедева Ольга,Химия,56,2025-09-01,Сидорова В.П.,Лабораторная работа #13,
3,Сидоров Алексей,Биология,84,2025-09-03,Кузнецова Н.В.,Практическая работа #10,
4,Кузнецова Анна,Математика,24,2025-09-03,Иванова Е.К.,Тест #8,
6,Волкова Елена,Химия,4,2025-09-03,Сидорова В.П.,Тест #20,
10,Попова Татьяна,Математика,95,2025-09-03,Иванова Е.К.,Лабораторная работа #20,
4,Кузнецова Анна,Физика,20,2025-09-04,Петров А.С.,Домашнее задание #12,
5,Морозов Дмитрий,Химия,31,2025-09-04,Сидорова В.П.,Домашнее задание #10,
7,Новиков Сергей,Биология,44,2025-09-04,Кузнецова Н.В.,Проект #18,
7,Новиков Сергей,Математика,100,2025-09-04,Иванова Е.К.,Практическая работа #12,
7,Новиков Сергей,Физика,84,2025-09-04,Петров А.С.,Проект #18,
8,Лебедева Ольга,Математика,22,2025-09-07,Иванова Е.К.,Практическая работа #5,
5,Морозов Дмитрий,Биология,37,2025-09-08,Кузнецова Н.В.,Лабораторная работа #9,
10,Попова Татьяна,Биология,52,2025-09-08,Кузнецова Н.В.,Домашнее задание #16,
3,Сидоров Алексей,Физика,44,2025-09-09,Петров А.С.,Контрольная работа #2,
7,Новиков Сергей,Математика,1,2025-09-09,Иванова Е.К.,Проект #11,
8,Лебедева Ольга,Математика,4,2025-09-09,Иванова Е.К.,Контрольная работа #1,
9,Соколов Павел,Математика,90,2025-09-09,Иванова Е.К.,Лабораторная работа #20,
2,Петрова Мария,Физика,57,2025-09-10,Петров А.С.,Контрольная работа #18,
7,Новиков Сергей,Математика,78,2025-09-10,Иванова Е.К.,Контрольная работа #10,
7,Новиков Сергей,Химия,9,2025-09-10,Сидорова В.П.,Проект #14,
1,Иванов Иван,Математика,86,2025-09-12,Иванова Е.К.,Проект #4,
2,Петрова Мария,Физика,84,2025-09-12,Петров А.С.,Тест #17,
8,Лебедева Ольга,Биология,98,2025-09-12,Кузнецова Н.В.,Лабораторная работа #20,
2,Петрова Мария,Биология,5,2025-09-13,Кузнецова Н.В.,Домашнее задание #6,
7,Новиков Сергей,Математика,46,2025-09-13,Иванова Е.К.,Проект #16,
1,Иванов Иван,Химия,9,2025-09-14,Сидорова В.П.,Проект #11,
1,Иванов Иван,Химия,58,2025-09-14,Сидорова В.П.,Практическая работа #19,
8,Лебедева Ольга,Физика,57,2025-09-15,Петров А.С.,Проект #14,
2,Петрова Мария,Математика,9,2025-09-16,Иванова Е.К.,Лабораторная работа #17,
3,Сидоров Алексей,Физика,55,2025-09-17,Петров А.С.,Проект #5,
4,Кузнецова Анна,Математика,65,2025-09-17,Иванова Е.К.,Лабораторная работа #2,
9,Соколов Павел,Биология,88,2025-09-17,Кузнецова Н.В.,Тест #11,
10,Попова Татьяна,Физика,97,2025-09-17,Петров А.С.,Лабораторная работа #19,
2,Петрова Мария,Математика,96,2025-09-18,Иванова Е.К.,Лабораторная работа #18,
10,Попова Татьяна,Химия,57,2025-09-18,Сидорова В.П.,Тест #16,
1,Иванов Иван,Химия,76,2025-09-19,Сидорова В.П.,Проект #18,
3,Сидоров Алексей,Химия,67,2025-09-21,Сидорова В.П.,Лабораторная работа #15,
1,Иванов Иван,Физика,60,2025-09-22,Петров А.С.,Тест #15,
3,Сидоров Алексей,Физика,66,2025-09-22,Петров А.С.,Тест #16,
5,Морозов Дмитрий,Химия,20,2025-09-22,Сидорова В.П.,Домашнее задание #2,
3,Сидоров Алексей,Физика,19,2025-09-23,Петров А.С.,Практическая работа #6,
5,Морозов Дмитрий,Физика,97,2025-09-23,Петров А.С.,Тест #9,
8,Лебедева Ольга,Математика,96,2025-09-23,Иванова Е.К.,Практическая работа #17,
9,Соколов Павел,Химия,57,2025-09-24,Сидорова В.П.,Контрольная работа #16,
10,Попова Татьяна,Химия,62,2025-09-24,Сидорова В.П.,Тест #3,
2,Петрова Мария,Математика,1,2025-09-25,Иванова Е.К.,Домашнее задание #5,
7,Новиков Сергей,Биология,59,2025-09-25,Кузнецова Н.В.,Домашнее задание #7,
10,Попова Татьяна,Биология,77,2025-09-25,Кузнецова Н.В.,Лабораторная работа #3,
1,Иванов Иван,Биология,95,2025-09-27,Кузнецова Н.В.,Контрольная работа #9,
4,Кузнецова Анна,Биология,28,2025-09-28,Кузнецова Н.В.,Практическая работа #9,
5,Морозов Дмитрий,Биология,96,2025-09-28,Кузнецова Н.В.,Проект #6,
6,Волкова Елена,Биология,2,2025-09-28,Кузнецова Н.В.,Тест #4,
6,Волкова Елена,Математика,92,2025-09-28,Иванова Е.К.,Лабораторная работа #19,
9,Соколов Павел,Биология,91,2025-09-28,Кузнецова Н.В.,Практическая работа #20,
1,Иванов Иван,Биология,87,2025-09-29,Кузнецова Н.В.,Проект #1,
2,Петрова Мария,Физика,88,2025-09-29,Петров А.С.,Лабораторная работа #6,
3,Сидоров Алексей,Математика,24,2025-09-29,Иванова Е.К.,Тест #17,
8,Лебедева Ольга,Химия,89,2025-09-29,Сидорова В.П.,Лабораторная работа #10,
10,Попова Татьяна,Математика,95,2025-09-29,Иванова Е.К.,Практическая работа #8,
4,Кузнецова Анна,Физика,38,2025-09-30,Петров А.С.,Тест #10,
3,Сидоров Алексей,Математика,18,2025-10-02,Иванова Е.К.,Лабораторная работа #11,
5,Морозов Дмитрий,Биология,8,2025-10-02,Кузнецова Н.В.,Контрольная работа #10,
7,Новиков Сергей,Химия,15,2025-10-02,Сидорова В.П.,Проект #2,
10,Попова Татьяна,Физика,31,2025-10-02,Петров А.С.,Тест #18,
4,Кузнецова Анна,Физика,82,2025-10-03,Петров А.С.,Практическая работа #18,
8,Лебедева Ольга,Химия,49,2025-10-04,Сидорова В.П.,Контрольная работа #7,
5,Морозов Дмитрий,Математика,35,2025-10-05,Иванова Е.К.,Тест #5,
10,Попова Татьяна,Математика,4,2025-10-06,Иванова Е.К.,Проект #10,
4,Кузнецова Анна,Химия,27,2025-10-08,Сидорова В.П.,Тест #6,
7,Новиков Сергей,Химия,12,2025-10-08,Сидорова В.П.,Контрольная работа #1,
10,Попова Татьяна,Физика,79,2025-10-08,Петров А.С.,Лабораторная работа #14,
2,Петрова Мария,Биология,5,2025-10-09,Кузнецова Н.В.,Проект #7,
5,Морозов Дмитрий,Химия,70,2025-10-09,Сидорова В.П.,Домашнее задание #3,
8,Лебедева Ольга,Математика,90,2025-10-09,Иванова Е.К.,Лабораторная работа #2,
8,Лебедева Ольга,Математика,79,2025-10-09,Иванова Е.К.,Лабораторная работа #13,
3,Сидоров Алексей,Математика,3,2025-10-10,Иванова Е.К.,Домашнее задание #4,
1,Иванов Иван,Биология,9,2025-10-11,Кузнецова Н.В.,Проект #17,
3,Сидоров Алексей,Физика,0,2025-10-11,Петров А.С.,Тест #11,
5,Морозов Дмитрий,Физика,13,2025-10-11,Петров А.С.,Практическая работа #16,
7,Новиков Сергей,Химия,84,2025-10-11,Сидорова В.П.,Лабораторная работа #18,
3,Сидоров Алексей,Математика,63,2025-10-12,Иванова Е.К.,Домашнее задание #3,
3,Сидоров Алексей,Физика,83,2025-10-12,Петров А.С.,Контрольная работа #1,
1,Иванов Иван,Математика,96,2025-10-13,Иванова Е.К.,Домашнее задание #6,
2,Петрова Мария,Физика,18,2025-10-13,Петров А.С.,Домашнее задание #8,
3,Сидоров Алексей,Химия,100,2025-10-15,Сидорова В.П.,Контрольная работа #9,
5,Морозов Дмитрий,Биология,92,2025-10-15,Кузнецова Н.В.,Домашнее задание #13,
9,Соколов Павел,Химия,45,2025-10-15,Сидорова В.П.,Контрольная работа #4,
9,Соколов Павел,Математика,36,2025-10-16,Иванова Е.К.,Контрольная работа #16,
1,Иванов Иван,Биология,39,2025-10-17,Кузнецова Н.В.,Домашнее задание #10,
3,Сидоров Алексей,Биология,64,2025-10-17,Кузнецова Н.В.,Лабораторная работа #5,
6,Волкова Елена,Биология,61,2025-10-17,Кузнецова Н.В.,Проект #20,
7,Новиков Сергей,Биология,84,2025-10-19,Кузнецова Н.В.,Проект #17,
7,Новиков Сергей,Математика,26,2025-10-19,Иванова Е.К.,Проект #14,
9,Соколов Павел,Физика,38,2025-10-19,Петров А.С.,Практическая работа #15,
3,Сидоров Алексей,Математика,33,2025-10-21,Иванова Е.К.,Тест #19,
7,Новиков Сергей,Математика,21,2025-10-21,Иванова Е.К.,Домашнее задание #7,
10,Попова Татьяна,Биология,83,2025-10-21,Кузнецова Н.В.,Лабораторная работа #20,
7,Новиков Сергей,Биология,67,2025-10-22,Кузнецова Н.В.,Контрольная работа #4,
8,Лебедева Ольга,Физика,54,2025-10-22,Петров А.С.,Тест #18,
1,Иванов Иван,Математика,94,2025-10-23,Иванова Е.К.,Тест #8,
3,Сидоров Алексей,Химия,9,2025-10-23,Сидорова В.П.,Домашнее задание #5,
6,Волкова Елена,Биология,65,2025-10-23,Кузнецова Н.В.,Проект #12,
3,Сидоров Алексей,Биология,37,2025-10-24,Кузнецова Н.В.,Практическая работа #4,
4,Кузнецова Анна,Биология,32,2025-10-24,Кузнецова Н.В.,Контрольная работа #5,
6,Волкова Елена,Физика,1,2025-10-24,Петров А.С.,Контрольная работа #7,
7,Новиков Сергей,Математика,5,2025-10-24,Иванова Е.К.,Контрольная работа #17,
5,Морозов Дмитрий,Биология,43,2025-10-25,Кузнецова Н.В.,Практическая работа #11,
5,Морозов Дмитрий,Математика,25,2025-10-26,Иванова Е.К.,Проект #8,
6,Волкова Елена,Биология,42,2025-10-26,Кузнецова Н.В.,Контрольная работа #19,
10,Попова Татьяна,Математика,43,2025-10-26,Иванова Е.К.,Контрольная работа #11,
9,Соколов Павел,Физика,54,2025-10-28,Петров А.С.,Тест #9,
2,Петрова Мария,Математика,18,2025-10-29,Иванова Е.К.,Лабораторная работа #14,
5,Морозов Дмитрий,Биология,27,2025-10-29,Кузнецова Н.В.,Контрольная работа #17,
5,Морозов Дмитрий,Математика,13,2025-10-29,Иванова Е.К.,Проект #12,
5,Морозов Дмитрий,Химия,99,2025-10-29,Сидорова В.П.,Практическая работа #4,
8,Лебедева Ольга,Химия,14,2025-10-30,Сидорова В.П.,Тест #2,
8,Лебедева Ольга,Химия,0,2025-10-30,Сидорова В.П.,Домашнее задание #16,
1,Иванов Иван,Биология,65,2025-10-31,Кузнецова Н.В.,Тест #16,
7,Новиков Сергей,Математика,11,2025-11-01,Иванова Е.К.,Домашнее задание #1,
9,Соколов Павел,Химия,61,2025-11-01,Сидорова В.П.,Проект #7,
5,Морозов Дмитрий,Математика,1,2025-11-02,Иванова Е.К.,Проект #20,
8,Лебедева Ольга,Математика,60,2025-11-02,Иванова Е.К.,Лабораторная работа #7,
3,Сидоров Алексей,Математика,94,2025-11-03,Иванова Е.К.,Домашнее задание #7,
5,Морозов Дмитрий,Биология,74,2025-11-03,Кузнецова Н.В.,Лабораторная работа #2,
6,Волкова Елена,Математика,38,2025-11-04,Иванова Е.К.,Проект #1,
6,Волкова Елена,Математика,74,2025-11-04,Иванова Е.К.,Контрольная работа #9,
1,Иванов Иван,Химия,27,2025-11-05,Сидорова В.П.,Лабораторная работа #5,
5,Морозов Дмитрий,Химия,14,2025-11-05,Сидорова В.П.,Контрольная работа #12,
8,Лебедева Ольга,Биология,62,2025-11-05,Кузнецова Н.В.,Практическая работа #18,
10,Попова Татьяна,Биология,4,2025-11-06,Кузнецова Н.В.,Домашнее задание #7,
8,Лебедева Ольга,Химия,16,2025-11-07,Сидорова В.П.,Контрольная работа #6,
2,Петрова Мария,Химия,93,2025-11-08,Сидорова В.П.,Практическая работа #18,
7,Новиков Сергей,Биология,61,2025-11-08,Кузнецова Н.В.,Практическая работа #8,
4,Кузнецова Анна,Химия,32,2025-11-09,Сидорова В.П.,Тест #19,
6,Волкова Елена,Физика,45,2025-11-09,Петров А.С.,Лабораторная работа #18,
1,Иванов Иван,Физика,82,2025-11-10,Петров А.С.,Контрольная работа #13,
3,Сидоров Алексей,Математика,31,2025-11-10,Иванова Е.К.,Тест #2,
5,Морозов Дмитрий,Химия,70,2025-11-10,Сидорова В.П.,Лабораторная работа #20,
7,Новиков Сергей,Физика,47,2025-11-10,Петров А.С.,Контрольная работа #3,
8,Лебедева Ольга,Биология,58,2025-11-10,Кузнецова Н.В.,Контрольная работа #19,
3,Сидоров Алексей,Химия,61,2025-11-11,Сидорова В.П.,Контрольная работа #12,
5,Морозов Дмитрий,Химия,74,2025-11-11,Сидорова В.П.,Тест #9,
3,Сидоров Алексей,Математика,7,2025-11-12,Иванова Е.К.,Практическая работа #5,
3,Сидоров Алексей,Математика,32,2025-11-12,Иванова Е.К.,Тест #12,
9,Соколов Павел,Физика,5,2025-11-12,Петров А.С.,Тест #20,
1,Иванов Иван,Химия,43,2025-11-13,Сидорова В.П.,Тест #3,
3,Сидоров Алексей,Биология,89,2025-11-13,Кузнецова Н.В.,Домашнее задание #12,
3,Сидоров Алексей,Химия,32,2025-11-13,Сидорова В.П.,Практическая работа #7,
5,Морозов Дмитрий,Физика,86,2025-11-13,Петров А.С.,Проект #6,
10,Попова Татьяна,Химия,29,2025-11-13,Сидорова В.П.,Практическая работа #14,
5,Морозов Дмитрий,Химия,15,2025-11-14,Сидорова В.П.,Домашнее задание #7,
4,Кузнецова Анна,Биология,71,2025-11-15,Кузнецова Н.В.,Практическая работа #4,
4,Кузнецова Анна,Химия,40,2025-11-15,Сидорова В.П.,Контрольная работа #4,
1,Иванов Иван,Математика,14,2025-11-16,Иванова Е.К.,Лабораторная работа #15,
6,Волкова Елена,Биология,45,2025-11-16,Кузнецова Н.В.,Лабораторная работа #16,
6,Волкова Елена,Математика,26,2025-11-17,Иванова Е.К.,Домашнее задание #2,
6,Волкова Елена,Математика,58,2025-11-17,Иванова Е.К.,Контрольная работа #3,
2,Петрова Мария,Биология,29,2025-11-18,Кузнецова Н.В.,Проект #9,
2,Петрова Мария,Физика,72,2025-11-19,Петров А.С.,Практическая работа #4,
9,Соколов Павел,Биология,9,2025-11-19,Кузнецова Н.В.,Тест #16,
7,Новиков Сергей,Физика,14,2025-11-20,Петров А.С.,Проект #16,
3,Сидоров Алексей,Химия,25,2025-11-21,Сидорова В.П.,Практическая работа #4,
6,Волкова Елена,Математика,71,2025-11-21,Иванова Е.К.,Домашнее задание #20,
9,Соколов Павел,Биология,81,2025-11-21,Кузнецова Н.В.,Домашнее задание #5,
6,Волкова Елена,Биология,39,2025-11-23,Кузнецова Н.В.,Проект #15,
6,Волкова Елена,Физика,75,2025-11-23,Петров А.С.,Контрольная работа #15,
7,Новиков Сергей,Физика,75,2025-11-23,Петров А.С.,Практическая работа #12,
10,Попова Татьяна,Физика,87,2025-11-23,Петров А.С.,Проект #4,
1,Иванов Иван,Биология,10,2025-11-24,Кузнецова Н.В.,Домашнее задание #15,
1,Иванов Иван,Математика,68,2025-11-24,Иванова Е.К.,Контрольная работа #9,
7,Новиков Сергей,Математика,23,2025-11-24,Иванова Е.К.,Проект #8,
10,Попова Татьяна,Химия,93,2025-11-24,Сидорова В.П.,Проект #10,
4,Кузнецова Анна,Физика,15,2025-11-25,Петров А.С.,Практическая работа #11,
5,Морозов Дмитрий,Физика,9,2025-11-27,Петров А.С.,Домашнее задание #3,
7,Новиков Сергей,Физика,73,2025-11-27,Петров А.С.,Практическая работа #10,
10,Попова Татьяна,Физика,56,2025-11-28,Петров А.С.,Лабораторная работа #1,
1,Иванов Иван,Математика,54,2025-11-29,Иванова Е.К.,Лабораторная работа #1,
1,Иванов Иван,Математика,90,2025-12-01,Иванова Е.К.,Практическая работа #16,
9,Соколов Павел,Биология,47,2025-12-01,Кузнецова Н.В.,Лабораторная работа #17,
2,Петрова Мария,Биология,99,2025-12-03,Кузнецова Н.В.,Контрольная работа #17,
6,Волкова Елена,Математика,40,2025-12-03,Иванова Е.К.,Проект #16,
9,Соколов Павел,Химия,5,2025-12-03,Сидорова В.П.,Контрольная работа #19,
8,Лебедева Ольга,Физика,73,2025-12-04,Петров А.С.,Контрольная работа #4,
2,Петрова Мария,Химия,35,2025-12-05,Сидорова В.П.,Тест #2,
9,Соколов Павел,Биология,66,2025-12-05,Кузнецова Н.В.,Домашнее задание #6,
9,Соколов Павел,Химия,40,2025-12-05,Сидорова В.П.,Практическая работа #6,
2,Петрова Мария,Математика,42,2025-12-06,Иванова Е.К.,Практическая работа #19,
2,Петрова Мария,Химия,81,2025-12-06,Сидорова В.П.,Проект #9,
6,Волкова Елена,Физика,79,2025-12-06,Петров А.С.,Тест #5,
2,Петрова Мария,Математика,10,2025-12-07,Иванова Е.К.,Контрольная работа #11,
4,Кузнецова Анна,Химия,62,2025-12-07,Сидорова В.П.,Тест #7,
9,Соколов Павел,Биология,21,2025-12-07,Кузнецова Н.В.,Контрольная работа #3,
2,Петрова Мария,Физика,4,2025-12-08,Петров А.С.,Лабораторная работа #7,
4,Кузнецова Анна,Математика,1,2025-12-09,Иванова Е.К.,Тест #5,
6,Волкова Елена,Физика,33,2025-12-09,Петров А.С.,Тест #12,
9,Соколов Павел,Химия,13,2025-12-09,Сидорова В.П.,Практическая работа #10,
2,Петрова Мария,Биология,23,2025-12-10,Кузнецова Н.В.,Контрольная работа #15,
3,Сидоров Алексей,Химия,10,2025-12-10,Сидорова В.П.,Практическая работа #18,
10,Попова Татьяна,Химия,59,2025-12-10,Сидорова В.П.,Контрольная работа #13,
1,Иванов Иван,Физика,58,2025-12-11,Петров А.С.,Домашнее задание #12,
7,Новиков Сергей,Математика,39,2025-12-11,Иванова Е.К.,Проект #9,
3,Сидоров Алексей,Физика,11,2025-12-12,Петров А.С.,Лабораторная работа #19,
7,Новиков Сергей,Химия,56,2025-12-12,Сидорова В.П.,Практическая работа #13,
9,Соколов Павел,Математика,65,2025-12-12,Иванова Е.К.,Лабораторная работа #2,
6,Волкова Елена,Химия,71,2025-12-14,Сидорова В.П.,Лабораторная работа #10,
8,Лебедева Ольга,Химия,67,2025-12-14,Сидорова В.П.,Проект #19,
9,Соколов Павел,Математика,9,2025-12-14,Иванова Е.К.,Проект #17,
5,Морозов Дмитрий,Биология,36,2025-12-15,Кузнецова Н.В.,Практическая работа #1,
5,Морозов Дмитрий,Математика,10,2025-12-16,Иванова Е.К.,Практическая работа #4,
5,Морозов Дмитрий,Физика,65,2025-12-16,Петров А.С.,Тест #2,
8,Лебедева Ольга,Биология,85,2025-12-16,Кузнецова Н.В.,Контрольная работа #5,
5,Морозов Дмитрий,Химия,75,2025-12-18,Сидорова В.П.,Тест #19,
9,Соколов Павел,Химия,33,2025-12-18,Сидорова В.П.,Лабораторная работа #18,
2,Петрова Мария,Физика,4,2025-12-19,Петров А.С.,Проект #2,
1,Иванов Иван,Физика,75,2025-12-20,Петров А.С.,Домашнее задание #10,
8,Лебедева Ольга,Биология,30,2025-12-20,Кузнецова Н.В.,Тест #3,
8,Лебедева Ольга,Биология,34,2025-12-20,Кузнецова Н.В.,Домашнее задание #14,
8,Лебедева Ольга,Биология,83,2025-12-20,Кузнецова Н.В.,Лабораторная работа #15,
9,Соколов Павел,Химия,75,2025-12-20,Сидорова В.П.,Тест #17,
10,Попова Татьяна,Химия,54,2025-12-20,Сидорова В.П.,Лабораторная работа #7,
1,Иванов Иван,Биология,39,2025-12-22,Кузнецова Н.В.,Проект #19,
1,Иванов Иван,Биология,58,2025-12-23,Кузнецова Н.В.,Домашнее задание #3,
3,Сидоров Алексей,Химия,1,2025-12-23,Сидорова В.П.,Контрольная работа #10,
6,Волкова Елена,Физика,49,2025-12-23,Петров А.С.,Тест #1,
6,Волкова Елена,Химия,57,2025-12-23,Сидорова В.П.,Домашнее задание #4,
8,Лебедева Ольга,Математика,79,2025-12-23,Иванова Е.К.,Контрольная работа #18,
9,Соколов Павел,Биология,56,2025-12-23,Кузнецова Н.В.,Практическая работа #8,
3,Сидоров Алексей,Химия,49,2025-12-24,Сидорова В.П.,Практическая работа #20,
8,Лебедева Ольга,Биология,12,2025-12-24,Кузнецова Н.В.,Проект #10,
3,Сидоров Алексей,Математика,56,2025-12-25,Иванова Е.К.,Домашнее задание #20,
5,Морозов Дмитрий,Математика,75,2025-12-25,Иванова Е.К.,Практическая работа #2,
8,Лебедева Ольга,Математика,21,2025-12-25,Иванова Е.К.,Контрольная работа #4,
8,Лебедева Ольга,Математика,97,2025-12-25,Иванова Е.К.,Практическая работа #19,
8,Лебедева Ольга,Химия,3,2025-12-25,Сидорова В.П.,Лабораторная работа #8,
10,Попова Татьяна,Математика,74,2025-12-26,Иванова Е.К.,Контрольная работа #4,
